source name	characteristics[organism]	characteristics[organism part]	characteristics[synthetic peptide]	characteristics[cell type]	characteristics[ancestry category]	characteristics[age]	characteristics[sex]	characteristics[disease]	characteristics[developmental stage]	characteristics[biological replicate]	characteristics[individual]	assay name	technology type	comment[data file]	comment[file uri]	comment[fraction identifier]	comment[label]	comment[proteomics data acquisition method]	comment[technical replicate]	comment[instrument]	comment[MS2 analyzer type]	comment[cleavage agent details]	comment[cleavage agent details].1
SynPep	Homo sapiens	not applicable	synthetic	not applicable	not applicable	not applicable	not applicable	not applicable	not applicable	1	not applicable	1	proteomic profiling by mass spectrometry	20180314_JS_SynPep_2h_DW200_RTW10_20_list1.raw	https://ftp.pride.ebi.ac.uk/pride/data/archive/2019/06/PXD012593/20180314_JS_SynPep_2h_DW200_RTW10_20_list1.raw	1	AC=MS:1002038;NT=label free sample	NT=selected reaction monitoring;AC=MS:1000206	1	NT=Q Exactive Plus;AC=MS:1002634	NT=orbitrap;AC=MS:1000484 	NT=no cleavage;AC=MS:1001955	NT=no cleavage;AC=MS:1001955
SynPep	Homo sapiens	not applicable	synthetic	not applicable	not applicable	not applicable	not applicable	not applicable	not applicable	1	not applicable	2	proteomic profiling by mass spectrometry	20180314_JS_SynPep_2h_DW200_RTW10_20_list2.raw	https://ftp.pride.ebi.ac.uk/pride/data/archive/2019/06/PXD012593/20180314_JS_SynPep_2h_DW200_RTW10_20_list2.raw	1	AC=MS:1002038;NT=label free sample	NT=selected reaction monitoring;AC=MS:1000206	1	NT=Q Exactive Plus;AC=MS:1002634	NT=orbitrap;AC=MS:1000484 	NT=no cleavage;AC=MS:1001955	NT=no cleavage;AC=MS:1001955
SynPep	Homo sapiens	not applicable	synthetic	not applicable	not applicable	not applicable	not applicable	not applicable	not applicable	1	not applicable	3	proteomic profiling by mass spectrometry	20180314_JS_SynPep_2h_DW200_RTW10_20_list3.raw	https://ftp.pride.ebi.ac.uk/pride/data/archive/2019/06/PXD012593/20180314_JS_SynPep_2h_DW200_RTW10_20_list3.raw	1	AC=MS:1002038;NT=label free sample	NT=selected reaction monitoring;AC=MS:1000206	1	NT=Q Exactive Plus;AC=MS:1002634	NT=orbitrap;AC=MS:1000484	NT=no cleavage;AC=MS:1001955	NT=no cleavage;AC=MS:1001955
SynPep	Homo sapiens	not applicable	synthetic	not applicable	not applicable	not applicable	not applicable	not applicable	not applicable	1	not applicable	4	proteomic profiling by mass spectrometry	20180314_JS_SynPep_2h_DW200_RTW10_20_list4.raw	https://ftp.pride.ebi.ac.uk/pride/data/archive/2019/06/PXD012593/20180314_JS_SynPep_2h_DW200_RTW10_20_list4.raw	1	AC=MS:1002038;NT=label free sample	NT=selected reaction monitoring;AC=MS:1000206	1	NT=Q Exactive Plus;AC=MS:1002634	NT=orbitrap;AC=MS:1000484	NT=no cleavage;AC=MS:1001955	NT=no cleavage;AC=MS:1001955
SynPep	Homo sapiens	not applicable	synthetic	not applicable	not applicable	not applicable	not applicable	not applicable	not applicable	1	not applicable	5	proteomic profiling by mass spectrometry	20180314_JS_SynPep_2h_DW200_RTW10_20_list5.raw	https://ftp.pride.ebi.ac.uk/pride/data/archive/2019/06/PXD012593/20180314_JS_SynPep_2h_DW200_RTW10_20_list5.raw	1	AC=MS:1002038;NT=label free sample	NT=selected reaction monitoring;AC=MS:1000206	1	NT=Q Exactive Plus;AC=MS:1002634	NT=orbitrap;AC=MS:1000484	NT=no cleavage;AC=MS:1001955	NT=no cleavage;AC=MS:1001955
heart82	Homo sapiens	Heart	not synthetic	cardiac	not available	not available	not available	normal	adult	1	not applicable	1	proteomic profiling by mass spectrometry	20180314_JS_heart82_GHCL_repl1_DW200_RTW10_20_list1.raw	https://ftp.pride.ebi.ac.uk/pride/data/archive/2019/06/PXD012593/20180314_JS_heart82_GHCL_repl1_DW200_RTW10_20_list1.raw	1	AC=MS:1002038;NT=label free sample	NT=selected reaction monitoring;AC=MS:1000206	1	NT=TSQ Quantiva;AC=MS:1002418	NT=quadrupole;AC=MS:1000081 	NT=Trypsin;AC=MS:1001251	NT=Lys-C;AC=MS:1001309
heart82	Homo sapiens	Heart	not synthetic	cardiac	not available	not available	not available	normal	adult	1	not applicable	2	proteomic profiling by mass spectrometry	20180314_JS_heart82_GHCL_repl1_DW200_RTW10_20_list2.raw	https://ftp.pride.ebi.ac.uk/pride/data/archive/2019/06/PXD012593/20180314_JS_heart82_GHCL_repl1_DW200_RTW10_20_list2.raw	1	AC=MS:1002038;NT=label free sample	NT=selected reaction monitoring;AC=MS:1000206	1	NT=TSQ Quantiva;AC=MS:1002418	NT=quadrupole;AC=MS:1000081 	NT=Trypsin;AC=MS:1001251	NT=Lys-C;AC=MS:1001309
heart82	Homo sapiens	Heart	not synthetic	cardiac	not available	not available	not available	normal	adult	1	not applicable	3	proteomic profiling by mass spectrometry	20180314_JS_heart82_GHCL_repl1_DW200_RTW10_20_list3.raw	https://ftp.pride.ebi.ac.uk/pride/data/archive/2019/06/PXD012593/20180314_JS_heart82_GHCL_repl1_DW200_RTW10_20_list3.raw	1	AC=MS:1002038;NT=label free sample	NT=selected reaction monitoring;AC=MS:1000206	1	NT=TSQ Quantiva;AC=MS:1002418	NT=quadrupole;AC=MS:1000081	NT=Trypsin;AC=MS:1001251	NT=Lys-C;AC=MS:1001309
heart82	Homo sapiens	Heart	not synthetic	cardiac	not available	not available	not available	normal	adult	1	not applicable	4	proteomic profiling by mass spectrometry	20180314_JS_heart82_GHCL_repl1_DW200_RTW10_20_list4.raw	https://ftp.pride.ebi.ac.uk/pride/data/archive/2019/06/PXD012593/20180314_JS_heart82_GHCL_repl1_DW200_RTW10_20_list4.raw	1	AC=MS:1002038;NT=label free sample	NT=selected reaction monitoring;AC=MS:1000206	1	NT=TSQ Quantiva;AC=MS:1002418	NT=quadrupole;AC=MS:1000081	NT=Trypsin;AC=MS:1001251	NT=Lys-C;AC=MS:1001309
heart82	Homo sapiens	Heart	not synthetic	cardiac	not available	not available	not available	normal	adult	1	not applicable	5	proteomic profiling by mass spectrometry	20180314_JS_heart82_GHCL_repl1_DW200_RTW10_20_list5.raw	https://ftp.pride.ebi.ac.uk/pride/data/archive/2019/06/PXD012593/20180314_JS_heart82_GHCL_repl1_DW200_RTW10_20_list5.raw	1	AC=MS:1002038;NT=label free sample	NT=selected reaction monitoring;AC=MS:1000206	1	NT=TSQ Quantiva;AC=MS:1002418	NT=quadrupole;AC=MS:1000081	NT=Trypsin;AC=MS:1001251	NT=Lys-C;AC=MS:1001309
heart82	Homo sapiens	Heart	not synthetic	cardiac	not available	not available	not available	normal	adult	1	not applicable	1	proteomic profiling by mass spectrometry	20180314_JS_heart82_GHCL_repl2_DW200_RTW10_20_list1.raw	https://ftp.pride.ebi.ac.uk/pride/data/archive/2019/06/PXD012593/20180314_JS_heart82_GHCL_repl2_DW200_RTW10_20_list1.raw	1	AC=MS:1002038;NT=label free sample	NT=selected reaction monitoring;AC=MS:1000206	2	NT=TSQ Quantiva;AC=MS:1002418	NT=quadrupole;AC=MS:1000081	NT=Trypsin;AC=MS:1001251	NT=Lys-C;AC=MS:1001309
heart82	Homo sapiens	Heart	not synthetic	cardiac	not available	not available	not available	normal	adult	1	not applicable	2	proteomic profiling by mass spectrometry	20180314_JS_heart82_GHCL_repl2_DW200_RTW10_20_list2.raw	https://ftp.pride.ebi.ac.uk/pride/data/archive/2019/06/PXD012593/20180314_JS_heart82_GHCL_repl2_DW200_RTW10_20_list2.raw	1	AC=MS:1002038;NT=label free sample	NT=selected reaction monitoring;AC=MS:1000206	2	NT=TSQ Quantiva;AC=MS:1002418	NT=quadrupole;AC=MS:1000081	NT=Trypsin;AC=MS:1001251	NT=Lys-C;AC=MS:1001309
heart82	Homo sapiens	Heart	not synthetic	cardiac	not available	not available	not available	normal	adult	1	not applicable	3	proteomic profiling by mass spectrometry	20180314_JS_heart82_GHCL_repl2_DW200_RTW10_20_list3.raw	https://ftp.pride.ebi.ac.uk/pride/data/archive/2019/06/PXD012593/20180314_JS_heart82_GHCL_repl2_DW200_RTW10_20_list3.raw	1	AC=MS:1002038;NT=label free sample	NT=selected reaction monitoring;AC=MS:1000206	2	NT=TSQ Quantiva;AC=MS:1002418	NT=quadrupole;AC=MS:1000081	NT=Trypsin;AC=MS:1001251	NT=Lys-C;AC=MS:1001309
heart82	Homo sapiens	Heart	not synthetic	cardiac	not available	not available	not available	normal	adult	1	not applicable	4	proteomic profiling by mass spectrometry	20180314_JS_heart82_GHCL_repl2_DW200_RTW10_20_list4.raw	https://ftp.pride.ebi.ac.uk/pride/data/archive/2019/06/PXD012593/20180314_JS_heart82_GHCL_repl2_DW200_RTW10_20_list4.raw	1	AC=MS:1002038;NT=label free sample	NT=selected reaction monitoring;AC=MS:1000206	2	NT=TSQ Quantiva;AC=MS:1002418	NT=quadrupole;AC=MS:1000081	NT=Trypsin;AC=MS:1001251	NT=Lys-C;AC=MS:1001309
heart82	Homo sapiens	Heart	not synthetic	cardiac	not available	not available	not available	normal	adult	1	not applicable	5	proteomic profiling by mass spectrometry	20180314_JS_heart82_GHCL_repl2_DW200_RTW10_20_list5.raw	https://ftp.pride.ebi.ac.uk/pride/data/archive/2019/06/PXD012593/20180314_JS_heart82_GHCL_repl2_DW200_RTW10_20_list5.raw	1	AC=MS:1002038;NT=label free sample	NT=selected reaction monitoring;AC=MS:1000206	2	NT=TSQ Quantiva;AC=MS:1002418	NT=quadrupole;AC=MS:1000081	NT=Trypsin;AC=MS:1001251	NT=Lys-C;AC=MS:1001309
heart83	Homo sapiens	Heart	not synthetic	cardiac	not available	not available	not available	normal	adult	1	not applicable	1	proteomic profiling by mass spectrometry	20180314_JS_heart83_GHCL_repl1_DW200_RTW10_20_list1.raw	https://ftp.pride.ebi.ac.uk/pride/data/archive/2019/06/PXD012593/20180314_JS_heart83_GHCL_repl1_DW200_RTW10_20_list1.raw	1	AC=MS:1002038;NT=label free sample	NT=selected reaction monitoring;AC=MS:1000206	1	NT=TSQ Quantiva;AC=MS:1002418	NT=quadrupole;AC=MS:1000081	NT=Trypsin;AC=MS:1001251	NT=Lys-C;AC=MS:1001309
heart83	Homo sapiens	Heart	not synthetic	cardiac	not available	not available	not available	normal	adult	1	not applicable	2	proteomic profiling by mass spectrometry	20180314_JS_heart83_GHCL_repl1_DW200_RTW10_20_list2.raw	https://ftp.pride.ebi.ac.uk/pride/data/archive/2019/06/PXD012593/20180314_JS_heart83_GHCL_repl1_DW200_RTW10_20_list2.raw	1	AC=MS:1002038;NT=label free sample	NT=selected reaction monitoring;AC=MS:1000206	1	NT=TSQ Quantiva;AC=MS:1002418	NT=quadrupole;AC=MS:1000081	NT=Trypsin;AC=MS:1001251	NT=Lys-C;AC=MS:1001309
heart83	Homo sapiens	Heart	not synthetic	cardiac	not available	not available	not available	normal	adult	1	not applicable	3	proteomic profiling by mass spectrometry	20180314_JS_heart83_GHCL_repl1_DW200_RTW10_20_list3.raw	https://ftp.pride.ebi.ac.uk/pride/data/archive/2019/06/PXD012593/20180314_JS_heart83_GHCL_repl1_DW200_RTW10_20_list3.raw	1	AC=MS:1002038;NT=label free sample	NT=selected reaction monitoring;AC=MS:1000206	1	NT=TSQ Quantiva;AC=MS:1002418	NT=quadrupole;AC=MS:1000081	NT=Trypsin;AC=MS:1001251	NT=Lys-C;AC=MS:1001309
heart83	Homo sapiens	Heart	not synthetic	cardiac	not available	not available	not available	normal	adult	1	not applicable	4	proteomic profiling by mass spectrometry	20180314_JS_heart83_GHCL_repl1_DW200_RTW10_20_list4.raw	https://ftp.pride.ebi.ac.uk/pride/data/archive/2019/06/PXD012593/20180314_JS_heart83_GHCL_repl1_DW200_RTW10_20_list4.raw	1	AC=MS:1002038;NT=label free sample	NT=selected reaction monitoring;AC=MS:1000206	1	NT=TSQ Quantiva;AC=MS:1002418	NT=quadrupole;AC=MS:1000081	NT=Trypsin;AC=MS:1001251	NT=Lys-C;AC=MS:1001309
heart83	Homo sapiens	Heart	not synthetic	cardiac	not available	not available	not available	normal	adult	1	not applicable	5	proteomic profiling by mass spectrometry	20180314_JS_heart83_GHCL_repl1_DW200_RTW10_20_list5.raw	https://ftp.pride.ebi.ac.uk/pride/data/archive/2019/06/PXD012593/20180314_JS_heart83_GHCL_repl1_DW200_RTW10_20_list5.raw	1	AC=MS:1002038;NT=label free sample	NT=selected reaction monitoring;AC=MS:1000206	1	NT=TSQ Quantiva;AC=MS:1002418	NT=quadrupole;AC=MS:1000081	NT=Trypsin;AC=MS:1001251	NT=Lys-C;AC=MS:1001309
heart83	Homo sapiens	Heart	not synthetic	cardiac	not available	not available	not available	normal	adult	1	not applicable	1	proteomic profiling by mass spectrometry	20180314_JS_heart83_GHCL_repl2_DW200_RTW10_20_list1.raw	https://ftp.pride.ebi.ac.uk/pride/data/archive/2019/06/PXD012593/20180314_JS_heart83_GHCL_repl2_DW200_RTW10_20_list1.raw	1	AC=MS:1002038;NT=label free sample	NT=selected reaction monitoring;AC=MS:1000206	2	NT=TSQ Quantiva;AC=MS:1002418	NT=quadrupole;AC=MS:1000081	NT=Trypsin;AC=MS:1001251	NT=Lys-C;AC=MS:1001309
heart83	Homo sapiens	Heart	not synthetic	cardiac	not available	not available	not available	normal	adult	1	not applicable	2	proteomic profiling by mass spectrometry	20180314_JS_heart83_GHCL_repl2_DW200_RTW10_20_list2.raw	https://ftp.pride.ebi.ac.uk/pride/data/archive/2019/06/PXD012593/20180314_JS_heart83_GHCL_repl2_DW200_RTW10_20_list2.raw	1	AC=MS:1002038;NT=label free sample	NT=selected reaction monitoring;AC=MS:1000206	2	NT=TSQ Quantiva;AC=MS:1002418	NT=quadrupole;AC=MS:1000081	NT=Trypsin;AC=MS:1001251	NT=Lys-C;AC=MS:1001309
heart83	Homo sapiens	Heart	not synthetic	cardiac	not available	not available	not available	normal	adult	1	not applicable	3	proteomic profiling by mass spectrometry	20180314_JS_heart83_GHCL_repl2_DW200_RTW10_20_list3.raw	https://ftp.pride.ebi.ac.uk/pride/data/archive/2019/06/PXD012593/20180314_JS_heart83_GHCL_repl2_DW200_RTW10_20_list3.raw	1	AC=MS:1002038;NT=label free sample	NT=selected reaction monitoring;AC=MS:1000206	2	NT=TSQ Quantiva;AC=MS:1002418	NT=quadrupole;AC=MS:1000081	NT=Trypsin;AC=MS:1001251	NT=Lys-C;AC=MS:1001309
heart83	Homo sapiens	Heart	not synthetic	cardiac	not available	not available	not available	normal	adult	1	not applicable	4	proteomic profiling by mass spectrometry	20180314_JS_heart83_GHCL_repl2_DW200_RTW10_20_list4.raw	https://ftp.pride.ebi.ac.uk/pride/data/archive/2019/06/PXD012593/20180314_JS_heart83_GHCL_repl2_DW200_RTW10_20_list4.raw	1	AC=MS:1002038;NT=label free sample	NT=selected reaction monitoring;AC=MS:1000206	2	NT=TSQ Quantiva;AC=MS:1002418	NT=quadrupole;AC=MS:1000081	NT=Trypsin;AC=MS:1001251	NT=Lys-C;AC=MS:1001309
heart83	Homo sapiens	Heart	not synthetic	cardiac	not available	not available	not available	normal	adult	1	not applicable	5	proteomic profiling by mass spectrometry	20180314_JS_heart83_GHCL_repl2_DW200_RTW10_20_list5.raw	https://ftp.pride.ebi.ac.uk/pride/data/archive/2019/06/PXD012593/20180314_JS_heart83_GHCL_repl2_DW200_RTW10_20_list5.raw	1	AC=MS:1002038;NT=label free sample	NT=selected reaction monitoring;AC=MS:1000206	2	NT=TSQ Quantiva;AC=MS:1002418	NT=quadrupole;AC=MS:1000081	NT=Trypsin;AC=MS:1001251	NT=Lys-C;AC=MS:1001309
heart84	Homo sapiens	Heart	not synthetic	cardiac	not available	not available	not available	normal	adult	1	not applicable	1	proteomic profiling by mass spectrometry	20180314_JS_heart84_GHCL_repl1_DW200_RTW10_20_list1.raw	https://ftp.pride.ebi.ac.uk/pride/data/archive/2019/06/PXD012593/20180314_JS_heart84_GHCL_repl1_DW200_RTW10_20_list1.raw	1	AC=MS:1002038;NT=label free sample	NT=selected reaction monitoring;AC=MS:1000206	1	NT=TSQ Quantiva;AC=MS:1002418	NT=quadrupole;AC=MS:1000081	NT=Trypsin;AC=MS:1001251	NT=Lys-C;AC=MS:1001309
heart84	Homo sapiens	Heart	not synthetic	cardiac	not available	not available	not available	normal	adult	1	not applicable	2	proteomic profiling by mass spectrometry	20180314_JS_heart84_GHCL_repl1_DW200_RTW10_20_list2.raw	https://ftp.pride.ebi.ac.uk/pride/data/archive/2019/06/PXD012593/20180314_JS_heart84_GHCL_repl1_DW200_RTW10_20_list2.raw	1	AC=MS:1002038;NT=label free sample	NT=selected reaction monitoring;AC=MS:1000206	1	NT=TSQ Quantiva;AC=MS:1002418	NT=quadrupole;AC=MS:1000081	NT=Trypsin;AC=MS:1001251	NT=Lys-C;AC=MS:1001309
heart84	Homo sapiens	Heart	not synthetic	cardiac	not available	not available	not available	normal	adult	1	not applicable	3	proteomic profiling by mass spectrometry	20180314_JS_heart84_GHCL_repl1_DW200_RTW10_20_list3.raw	https://ftp.pride.ebi.ac.uk/pride/data/archive/2019/06/PXD012593/20180314_JS_heart84_GHCL_repl1_DW200_RTW10_20_list3.raw	1	AC=MS:1002038;NT=label free sample	NT=selected reaction monitoring;AC=MS:1000206	1	NT=TSQ Quantiva;AC=MS:1002418	NT=quadrupole;AC=MS:1000081	NT=Trypsin;AC=MS:1001251	NT=Lys-C;AC=MS:1001309
heart84	Homo sapiens	Heart	not synthetic	cardiac	not available	not available	not available	normal	adult	1	not applicable	4	proteomic profiling by mass spectrometry	20180314_JS_heart84_GHCL_repl1_DW200_RTW10_20_list4.raw	https://ftp.pride.ebi.ac.uk/pride/data/archive/2019/06/PXD012593/20180314_JS_heart84_GHCL_repl1_DW200_RTW10_20_list4.raw	1	AC=MS:1002038;NT=label free sample	NT=selected reaction monitoring;AC=MS:1000206	1	NT=TSQ Quantiva;AC=MS:1002418	NT=quadrupole;AC=MS:1000081	NT=Trypsin;AC=MS:1001251	NT=Lys-C;AC=MS:1001309
heart84	Homo sapiens	Heart	not synthetic	cardiac	not available	not available	not available	normal	adult	1	not applicable	5	proteomic profiling by mass spectrometry	20180314_JS_heart84_GHCL_repl1_DW200_RTW10_20_list5.raw	https://ftp.pride.ebi.ac.uk/pride/data/archive/2019/06/PXD012593/20180314_JS_heart84_GHCL_repl1_DW200_RTW10_20_list5.raw	1	AC=MS:1002038;NT=label free sample	NT=selected reaction monitoring;AC=MS:1000206	1	NT=TSQ Quantiva;AC=MS:1002418	NT=quadrupole;AC=MS:1000081	NT=Trypsin;AC=MS:1001251	NT=Lys-C;AC=MS:1001309
heart84	Homo sapiens	Heart	not synthetic	cardiac	not available	not available	not available	normal	adult	1	not applicable	1	proteomic profiling by mass spectrometry	20180314_JS_heart84_GHCL_repl2_DW200_RTW10_20_list1.raw	https://ftp.pride.ebi.ac.uk/pride/data/archive/2019/06/PXD012593/20180314_JS_heart84_GHCL_repl2_DW200_RTW10_20_list1.raw	1	AC=MS:1002038;NT=label free sample	NT=selected reaction monitoring;AC=MS:1000206	2	NT=TSQ Quantiva;AC=MS:1002418	NT=quadrupole;AC=MS:1000081	NT=Trypsin;AC=MS:1001251	NT=Lys-C;AC=MS:1001309
heart84	Homo sapiens	Heart	not synthetic	cardiac	not available	not available	not available	normal	adult	1	not applicable	2	proteomic profiling by mass spectrometry	20180314_JS_heart84_GHCL_repl2_DW200_RTW10_20_list2.raw	https://ftp.pride.ebi.ac.uk/pride/data/archive/2019/06/PXD012593/20180314_JS_heart84_GHCL_repl2_DW200_RTW10_20_list2.raw	1	AC=MS:1002038;NT=label free sample	NT=selected reaction monitoring;AC=MS:1000206	2	NT=TSQ Quantiva;AC=MS:1002418	NT=quadrupole;AC=MS:1000081	NT=Trypsin;AC=MS:1001251	NT=Lys-C;AC=MS:1001309
heart84	Homo sapiens	Heart	not synthetic	cardiac	not available	not available	not available	normal	adult	1	not applicable	3	proteomic profiling by mass spectrometry	20180314_JS_heart84_GHCL_repl2_DW200_RTW10_20_list3.raw	https://ftp.pride.ebi.ac.uk/pride/data/archive/2019/06/PXD012593/20180314_JS_heart84_GHCL_repl2_DW200_RTW10_20_list3.raw	1	AC=MS:1002038;NT=label free sample	NT=selected reaction monitoring;AC=MS:1000206	2	NT=TSQ Quantiva;AC=MS:1002418	NT=quadrupole;AC=MS:1000081	NT=Trypsin;AC=MS:1001251	NT=Lys-C;AC=MS:1001309
heart84	Homo sapiens	Heart	not synthetic	cardiac	not available	not available	not available	normal	adult	1	not applicable	4	proteomic profiling by mass spectrometry	20180314_JS_heart84_GHCL_repl2_DW200_RTW10_20_list4.raw	https://ftp.pride.ebi.ac.uk/pride/data/archive/2019/06/PXD012593/20180314_JS_heart84_GHCL_repl2_DW200_RTW10_20_list4.raw	1	AC=MS:1002038;NT=label free sample	NT=selected reaction monitoring;AC=MS:1000206	2	NT=TSQ Quantiva;AC=MS:1002418	NT=quadrupole;AC=MS:1000081	NT=Trypsin;AC=MS:1001251	NT=Lys-C;AC=MS:1001309
heart84	Homo sapiens	Heart	not synthetic	cardiac	not available	not available	not available	normal	adult	1	not applicable	5	proteomic profiling by mass spectrometry	20180314_JS_heart84_GHCL_repl2_DW200_RTW10_20_list5.raw	https://ftp.pride.ebi.ac.uk/pride/data/archive/2019/06/PXD012593/20180314_JS_heart84_GHCL_repl2_DW200_RTW10_20_list5.raw	1	AC=MS:1002038;NT=label free sample	NT=selected reaction monitoring;AC=MS:1000206	2	NT=TSQ Quantiva;AC=MS:1002418	NT=quadrupole;AC=MS:1000081	NT=Trypsin;AC=MS:1001251	NT=Lys-C;AC=MS:1001309
heart85	Homo sapiens	Heart	not synthetic	cardiac	not available	not available	not available	normal	adult	1	not applicable	1	proteomic profiling by mass spectrometry	20180314_JS_heart85_GHCL_repl1_DW200_RTW10_20_list1.raw	https://ftp.pride.ebi.ac.uk/pride/data/archive/2019/06/PXD012593/20180314_JS_heart85_GHCL_repl1_DW200_RTW10_20_list1.raw	1	AC=MS:1002038;NT=label free sample	NT=selected reaction monitoring;AC=MS:1000206	1	NT=TSQ Quantiva;AC=MS:1002418	NT=quadrupole;AC=MS:1000081	NT=Trypsin;AC=MS:1001251	NT=Lys-C;AC=MS:1001309
heart85	Homo sapiens	Heart	not synthetic	cardiac	not available	not available	not available	normal	adult	1	not applicable	2	proteomic profiling by mass spectrometry	20180314_JS_heart85_GHCL_repl1_DW200_RTW10_20_list2.raw	https://ftp.pride.ebi.ac.uk/pride/data/archive/2019/06/PXD012593/20180314_JS_heart85_GHCL_repl1_DW200_RTW10_20_list2.raw	1	AC=MS:1002038;NT=label free sample	NT=selected reaction monitoring;AC=MS:1000206	1	NT=TSQ Quantiva;AC=MS:1002418	NT=quadrupole;AC=MS:1000081	NT=Trypsin;AC=MS:1001251	NT=Lys-C;AC=MS:1001309
heart85	Homo sapiens	Heart	not synthetic	cardiac	not available	not available	not available	normal	adult	1	not applicable	3	proteomic profiling by mass spectrometry	20180314_JS_heart85_GHCL_repl1_DW200_RTW10_20_list3.raw	https://ftp.pride.ebi.ac.uk/pride/data/archive/2019/06/PXD012593/20180314_JS_heart85_GHCL_repl1_DW200_RTW10_20_list3.raw	1	AC=MS:1002038;NT=label free sample	NT=selected reaction monitoring;AC=MS:1000206	1	NT=TSQ Quantiva;AC=MS:1002418	NT=quadrupole;AC=MS:1000081	NT=Trypsin;AC=MS:1001251	NT=Lys-C;AC=MS:1001309
heart85	Homo sapiens	Heart	not synthetic	cardiac	not available	not available	not available	normal	adult	1	not applicable	4	proteomic profiling by mass spectrometry	20180314_JS_heart85_GHCL_repl1_DW200_RTW10_20_list4.raw	https://ftp.pride.ebi.ac.uk/pride/data/archive/2019/06/PXD012593/20180314_JS_heart85_GHCL_repl1_DW200_RTW10_20_list4.raw	1	AC=MS:1002038;NT=label free sample	NT=selected reaction monitoring;AC=MS:1000206	1	NT=TSQ Quantiva;AC=MS:1002418	NT=quadrupole;AC=MS:1000081	NT=Trypsin;AC=MS:1001251	NT=Lys-C;AC=MS:1001309
heart85	Homo sapiens	Heart	not synthetic	cardiac	not available	not available	not available	normal	adult	1	not applicable	5	proteomic profiling by mass spectrometry	20180314_JS_heart85_GHCL_repl1_DW200_RTW10_20_list5.raw	https://ftp.pride.ebi.ac.uk/pride/data/archive/2019/06/PXD012593/20180314_JS_heart85_GHCL_repl1_DW200_RTW10_20_list5.raw	1	AC=MS:1002038;NT=label free sample	NT=selected reaction monitoring;AC=MS:1000206	1	NT=TSQ Quantiva;AC=MS:1002418	NT=quadrupole;AC=MS:1000081	NT=Trypsin;AC=MS:1001251	NT=Lys-C;AC=MS:1001309
heart85	Homo sapiens	Heart	not synthetic	cardiac	not available	not available	not available	normal	adult	1	not applicable	1	proteomic profiling by mass spectrometry	20180314_JS_heart85_GHCL_repl2_DW200_RTW10_20_list1.raw	https://ftp.pride.ebi.ac.uk/pride/data/archive/2019/06/PXD012593/20180314_JS_heart85_GHCL_repl2_DW200_RTW10_20_list1.raw	1	AC=MS:1002038;NT=label free sample	NT=selected reaction monitoring;AC=MS:1000206	2	NT=TSQ Quantiva;AC=MS:1002418	NT=quadrupole;AC=MS:1000081	NT=Trypsin;AC=MS:1001251	NT=Lys-C;AC=MS:1001309
heart85	Homo sapiens	Heart	not synthetic	cardiac	not available	not available	not available	normal	adult	1	not applicable	2	proteomic profiling by mass spectrometry	20180314_JS_heart85_GHCL_repl2_DW200_RTW10_20_list2.raw	https://ftp.pride.ebi.ac.uk/pride/data/archive/2019/06/PXD012593/20180314_JS_heart85_GHCL_repl2_DW200_RTW10_20_list2.raw	1	AC=MS:1002038;NT=label free sample	NT=selected reaction monitoring;AC=MS:1000206	2	NT=TSQ Quantiva;AC=MS:1002418	NT=quadrupole;AC=MS:1000081	NT=Trypsin;AC=MS:1001251	NT=Lys-C;AC=MS:1001309
heart85	Homo sapiens	Heart	not synthetic	cardiac	not available	not available	not available	normal	adult	1	not applicable	3	proteomic profiling by mass spectrometry	20180314_JS_heart85_GHCL_repl2_DW200_RTW10_20_list3.raw	https://ftp.pride.ebi.ac.uk/pride/data/archive/2019/06/PXD012593/20180314_JS_heart85_GHCL_repl2_DW200_RTW10_20_list3.raw	1	AC=MS:1002038;NT=label free sample	NT=selected reaction monitoring;AC=MS:1000206	2	NT=TSQ Quantiva;AC=MS:1002418	NT=quadrupole;AC=MS:1000081	NT=Trypsin;AC=MS:1001251	NT=Lys-C;AC=MS:1001309
heart85	Homo sapiens	Heart	not synthetic	cardiac	not available	not available	not available	normal	adult	1	not applicable	4	proteomic profiling by mass spectrometry	20180314_JS_heart85_GHCL_repl2_DW200_RTW10_20_list4.raw	https://ftp.pride.ebi.ac.uk/pride/data/archive/2019/06/PXD012593/20180314_JS_heart85_GHCL_repl2_DW200_RTW10_20_list4.raw	1	AC=MS:1002038;NT=label free sample	NT=selected reaction monitoring;AC=MS:1000206	2	NT=TSQ Quantiva;AC=MS:1002418	NT=quadrupole;AC=MS:1000081	NT=Trypsin;AC=MS:1001251	NT=Lys-C;AC=MS:1001309
heart85	Homo sapiens	Heart	not synthetic	cardiac	not available	not available	not available	normal	adult	1	not applicable	5	proteomic profiling by mass spectrometry	20180314_JS_heart85_GHCL_repl2_DW200_RTW10_20_list5.raw	https://ftp.pride.ebi.ac.uk/pride/data/archive/2019/06/PXD012593/20180314_JS_heart85_GHCL_repl2_DW200_RTW10_20_list5.raw	1	AC=MS:1002038;NT=label free sample	NT=selected reaction monitoring;AC=MS:1000206	2	NT=TSQ Quantiva;AC=MS:1002418	NT=quadrupole;AC=MS:1000081	NT=Trypsin;AC=MS:1001251	NT=Lys-C;AC=MS:1001309
heart86	Homo sapiens	Heart	not synthetic	cardiac	not available	not available	not available	normal	adult	1	not applicable	1	proteomic profiling by mass spectrometry	20180314_JS_heart86_GHCL_repl1_DW200_RTW10_20_list1.raw	https://ftp.pride.ebi.ac.uk/pride/data/archive/2019/06/PXD012593/20180314_JS_heart86_GHCL_repl1_DW200_RTW10_20_list1.raw	1	AC=MS:1002038;NT=label free sample	NT=selected reaction monitoring;AC=MS:1000206	1	NT=TSQ Quantiva;AC=MS:1002418	NT=quadrupole;AC=MS:1000081	NT=Trypsin;AC=MS:1001251	NT=Lys-C;AC=MS:1001309
heart86	Homo sapiens	Heart	not synthetic	cardiac	not available	not available	not available	normal	adult	1	not applicable	2	proteomic profiling by mass spectrometry	20180314_JS_heart86_GHCL_repl1_DW200_RTW10_20_list2.raw	https://ftp.pride.ebi.ac.uk/pride/data/archive/2019/06/PXD012593/20180314_JS_heart86_GHCL_repl1_DW200_RTW10_20_list2.raw	1	AC=MS:1002038;NT=label free sample	NT=selected reaction monitoring;AC=MS:1000206	1	NT=TSQ Quantiva;AC=MS:1002418	NT=quadrupole;AC=MS:1000081	NT=Trypsin;AC=MS:1001251	NT=Lys-C;AC=MS:1001309
heart86	Homo sapiens	Heart	not synthetic	cardiac	not available	not available	not available	normal	adult	1	not applicable	3	proteomic profiling by mass spectrometry	20180314_JS_heart86_GHCL_repl1_DW200_RTW10_20_list3.raw	https://ftp.pride.ebi.ac.uk/pride/data/archive/2019/06/PXD012593/20180314_JS_heart86_GHCL_repl1_DW200_RTW10_20_list3.raw	1	AC=MS:1002038;NT=label free sample	NT=selected reaction monitoring;AC=MS:1000206	1	NT=TSQ Quantiva;AC=MS:1002418	NT=quadrupole;AC=MS:1000081	NT=Trypsin;AC=MS:1001251	NT=Lys-C;AC=MS:1001309
heart86	Homo sapiens	Heart	not synthetic	cardiac	not available	not available	not available	normal	adult	1	not applicable	4	proteomic profiling by mass spectrometry	20180314_JS_heart86_GHCL_repl1_DW200_RTW10_20_list4.raw	https://ftp.pride.ebi.ac.uk/pride/data/archive/2019/06/PXD012593/20180314_JS_heart86_GHCL_repl1_DW200_RTW10_20_list4.raw	1	AC=MS:1002038;NT=label free sample	NT=selected reaction monitoring;AC=MS:1000206	1	NT=TSQ Quantiva;AC=MS:1002418	NT=quadrupole;AC=MS:1000081	NT=Trypsin;AC=MS:1001251	NT=Lys-C;AC=MS:1001309
heart86	Homo sapiens	Heart	not synthetic	cardiac	not available	not available	not available	normal	adult	1	not applicable	5	proteomic profiling by mass spectrometry	20180314_JS_heart86_GHCL_repl1_DW200_RTW10_20_list5.raw	https://ftp.pride.ebi.ac.uk/pride/data/archive/2019/06/PXD012593/20180314_JS_heart86_GHCL_repl1_DW200_RTW10_20_list5.raw	1	AC=MS:1002038;NT=label free sample	NT=selected reaction monitoring;AC=MS:1000206	1	NT=TSQ Quantiva;AC=MS:1002418	NT=quadrupole;AC=MS:1000081	NT=Trypsin;AC=MS:1001251	NT=Lys-C;AC=MS:1001309
heart86	Homo sapiens	Heart	not synthetic	cardiac	not available	not available	not available	normal	adult	1	not applicable	1	proteomic profiling by mass spectrometry	20180314_JS_heart86_GHCL_repl2_DW200_RTW10_20_list1.raw	https://ftp.pride.ebi.ac.uk/pride/data/archive/2019/06/PXD012593/20180314_JS_heart86_GHCL_repl2_DW200_RTW10_20_list1.raw	1	AC=MS:1002038;NT=label free sample	NT=selected reaction monitoring;AC=MS:1000206	2	NT=TSQ Quantiva;AC=MS:1002418	NT=quadrupole;AC=MS:1000081	NT=Trypsin;AC=MS:1001251	NT=Lys-C;AC=MS:1001309
heart86	Homo sapiens	Heart	not synthetic	cardiac	not available	not available	not available	normal	adult	1	not applicable	2	proteomic profiling by mass spectrometry	20180314_JS_heart86_GHCL_repl2_DW200_RTW10_20_list2.raw	https://ftp.pride.ebi.ac.uk/pride/data/archive/2019/06/PXD012593/20180314_JS_heart86_GHCL_repl2_DW200_RTW10_20_list2.raw	1	AC=MS:1002038;NT=label free sample	NT=selected reaction monitoring;AC=MS:1000206	2	NT=TSQ Quantiva;AC=MS:1002418	NT=quadrupole;AC=MS:1000081	NT=Trypsin;AC=MS:1001251	NT=Lys-C;AC=MS:1001309
heart86	Homo sapiens	Heart	not synthetic	cardiac	not available	not available	not available	normal	adult	1	not applicable	3	proteomic profiling by mass spectrometry	20180314_JS_heart86_GHCL_repl2_DW200_RTW10_20_list3.raw	https://ftp.pride.ebi.ac.uk/pride/data/archive/2019/06/PXD012593/20180314_JS_heart86_GHCL_repl2_DW200_RTW10_20_list3.raw	1	AC=MS:1002038;NT=label free sample	NT=selected reaction monitoring;AC=MS:1000206	2	NT=TSQ Quantiva;AC=MS:1002418	NT=quadrupole;AC=MS:1000081	NT=Trypsin;AC=MS:1001251	NT=Lys-C;AC=MS:1001309
heart86	Homo sapiens	Heart	not synthetic	cardiac	not available	not available	not available	normal	adult	1	not applicable	4	proteomic profiling by mass spectrometry	20180314_JS_heart86_GHCL_repl2_DW200_RTW10_20_list4.raw	https://ftp.pride.ebi.ac.uk/pride/data/archive/2019/06/PXD012593/20180314_JS_heart86_GHCL_repl2_DW200_RTW10_20_list4.raw	1	AC=MS:1002038;NT=label free sample	NT=selected reaction monitoring;AC=MS:1000206	2	NT=TSQ Quantiva;AC=MS:1002418	NT=quadrupole;AC=MS:1000081	NT=Trypsin;AC=MS:1001251	NT=Lys-C;AC=MS:1001309
heart86	Homo sapiens	Heart	not synthetic	cardiac	not available	not available	not available	normal	adult	1	not applicable	5	proteomic profiling by mass spectrometry	20180314_JS_heart86_GHCL_repl2_DW200_RTW10_20_list5.raw	https://ftp.pride.ebi.ac.uk/pride/data/archive/2019/06/PXD012593/20180314_JS_heart86_GHCL_repl2_DW200_RTW10_20_list5.raw	1	AC=MS:1002038;NT=label free sample	NT=selected reaction monitoring;AC=MS:1000206	2	NT=TSQ Quantiva;AC=MS:1002418	NT=quadrupole;AC=MS:1000081	NT=Trypsin;AC=MS:1001251	NT=Lys-C;AC=MS:1001309
